,0,1,2,3,4,5,6,7,8,class
0,1.6569106818133987,-0.8131491668221186,1.6015551126513445,0.2047191574418556,0.7793294302206347,0.38745316953334996,-0.41180609965248033,-1.1644834680504281,0.09058885590426437,0
1,1.2396964159642094,-1.4797410843332723,-1.096208717441362,2.299107902350479,-1.043114329886517,-0.2838877001737342,0.061438782498673135,0.4431583903395747,-0.8940377708462756,0
2,0.8999528056213939,-1.390211872467562,1.726645596636552,-0.030927090610808002,0.5812628688634852,0.27827131215726025,-0.3111046219494621,-0.18340215172046145,-0.2344496228870947,0
3,-2.3478491480467087,-0.3369932437986497,-1.6901090793591877,-0.5825174514544486,0.4431146394915427,0.09950903396653672,-0.20849604275846992,0.3000152754342698,-0.9389958388793083,0
4,1.0864227952611656,-2.176195435871818,-0.1336369235999483,-1.8712324082059557,-2.032901095255388,-1.8982334673020687,-0.020016379275381056,0.677896323137157,-1.705950257505673,0
5,-2.296873027361231,-0.1946310837877576,1.7526203886426723,-0.02697104404003758,0.2359207524075512,0.034636824908835226,-0.28539746134203187,0.06468463775175338,-0.6500631713275559,0
6,0.45107544182846077,-1.1117484608780444,1.6804680983296691,0.20355509936037663,0.6466539614252768,0.13532419467137435,-0.4657805724753503,-0.21598517804599357,0.050271061713195356,0
7,-2.425968748035674,-0.6024563794262247,1.7478929569928765,0.2119119544780909,0.2486961264681112,-0.14621261378929867,-0.5721744464315753,0.5346850897606399,-0.08622047095758684,0
8,1.1684299932083373,-0.7186606400728209,1.462652475723723,1.0325900642021573,0.9956124108327371,-0.04365073605463495,-1.1243362419271374,-0.9988979876903796,1.5259531727553326,0
9,0.8489766849359166,-1.5325740324784543,-1.7160838713653082,-0.586473498025219,0.7884567559474767,0.34314352121496167,-0.23420320336590014,0.0519284859620548,-0.523382290438847,0
10,0.5793780298876847,-1.8279640711766065,0.5225331876961645,-1.5111930630693036,-2.2886692999743974,2.586765329114476,1.712975387987851,-0.9900381884598367,0.0027766904574336843,0
11,-1.7137570697748257,-0.137318879179905,1.6668013264931407,0.2703053433952603,0.37770443083038546,0.01662291828877359,-0.5373373208049811,-0.31048025390767375,-0.054582458106632245,0
12,-1.5768844251213547,-1.9094952131629443,0.17494225907475391,2.3049048408150963,0.6108041912340328,-2.743480646108794,5.667272050048339,1.8997157835703495,1.0805893334598995,0
13,-1.2759499740448066,0.3913929289594686,-0.26641064343585963,2.1556319978188645,-1.139350581167802,-0.7432884368645076,0.23030685518579797,-1.2032988179793302,-0.46418598469471894,0
14,1.0365325661854348,-0.6904826016751232,-0.9144392341873375,-0.6766761182919137,1.0338954566890421,0.038083828988709725,-0.11017963848248123,-1.7392825654929442,0.3134032628130563,0
15,-1.6618648105211449,-1.470755698668233,1.8928873932261927,1.0669594835508347,2.4603751141460366,-2.0709882257672914,4.508711842499041,1.6429540323248546,2.39335248938004,0
16,0.8552066076902366,-1.5021370778666856,1.770644450122023,-0.20817994974630225,0.5122046118686099,0.3319249868592428,-0.17556601861984955,-0.04748617905880852,-0.5278500888274992,0
17,0.6696635583652182,-0.48007275444132996,1.5971978230085222,0.31917781911323656,0.7719951013544674,0.20886628396554321,-0.4500807940450318,-0.9578175753781862,0.07322929322403539,0
18,-1.988792514962159,0.6608950334472036,1.5813524063505824,0.44315739398381077,0.49937840632649233,0.0008715647990390837,-0.5407748895709382,-0.9489797049037451,-0.0403040079359067,0
19,-1.503109180106453,-0.6346733866840826,-1.1607804192345692,2.839223334874676,-1.2338973938590567,-0.7263855327403548,-0.45157090144638934,0.7860807401612491,-0.15032790569584414,0
20,-1.5795184759813539,0.19845673701746555,1.534804766036726,0.802063920801743,0.5848792018150114,-0.14433810581717393,-0.9439531307938187,-0.7182281718926329,0.8256189397145812,0
21,-2.296873027361231,-0.1946310837877576,1.7526203886426723,-0.02697104404003758,0.2359207524075512,0.034636824908835226,-0.28539746134203187,0.06468463775175338,-0.6500631713275559,0
22,1.5141009984950382,-1.543315392226326,0.7559116219879025,0.47217463684404454,0.6029489864739447,0.6388591870576193,-0.6713682678655116,0.49081161074291757,-0.4527962314072344,0
23,0.45855948171805844,-0.8198444857240726,-0.9653441641440164,-0.20331092980260046,1.1120619233113938,-0.2857127271953101,-0.5516325740979131,-1.3018651398095895,1.161966647783315,0
24,0.489591717005298,-1.0302602100906895,-1.8502590766431342,0.0025144102169541477,0.9919643624990188,0.0928890543251107,-0.6599563605510135,-0.2524864856867833,0.3481393260422522,0
25,0.8179444496486771,-1.3221583081118375,-0.8311689588661905,-0.7922988380447736,0.9085543167598514,-0.03545826030545914,-0.12587941691279975,-0.9974501681607513,0.2904450313022162,0
26,0.23248732529170335,-1.7434241673147584,1.763738373650816,0.08793237960751671,0.5213128214960862,0.06178210537720551,-0.4814803509056688,0.5258472192861989,0.02731283020235524,0
27,-2.0845148335787935,0.4066076680371879,-1.8173782081658063,-0.28964187256609436,0.6375140364156084,0.11939744855872302,-0.3283348676577639,-0.5777330945595758,-0.6226371414280635,0
28,1.1547160305644195,-1.0410015698385613,0.6217364167100768,1.0611625450862177,0.8064565930254869,0.3886047201677684,-1.0971214250506254,0.1863966390940796,0.41872538507386486,0
29,-2.162634433567759,0.14114453240961303,1.620623828186258,0.5047875333664451,0.44309552339217706,-0.1263241991971123,-0.6920132713308692,-0.34306328023320565,0.23013822649365778,0
30,-1.4566526780612308,0.5758450780441641,-1.9471961238008095,0.18488737400469762,0.8483559718333181,0.047729867236678894,-0.7158133304503257,-1.0888139588806556,0.2662440377332645,0
31,0.43736147918454293,-1.4340893906437844,0.8395520393160232,0.23212758024443703,0.45749814361802676,0.5675796508937777,-0.4385657555988382,0.9693094487384658,-1.0569567259682724,0
32,0.4906787666405892,-0.9277735760378238,1.773193236950408,-0.38983361742874023,0.49576207337496625,0.4234809827734734,0.09207361927341846,-0.4141536847315738,-1.1003725705375829,0
33,-2.072813702859375,-1.1352071564257584,-1.6046601592166294,-0.7553695020429989,0.3214406639954357,0.1152603874562712,-0.20505847399251267,0.938514726430341,-0.9532742890500339,0
34,-2.1485921360777724,-1.0367166374582653,-0.6757463932320402,-1.1384477011980478,0.3724799678129352,-0.20968771936216712,0.038803915790200254,0.02505204496918801,-0.4328474332493752,0
35,1.3563142093039249,-1.3767713089031084,-0.8729891675302507,-0.6722753097449699,0.9812797381878104,0.0001815077764616776,-0.2422806730461365,-1.2366990871585253,0.5925252785827353,0
36,-2.252919962045292,-1.2067467843256636,0.5459591928739005,-1.3255833488160957,-2.6175688779366877,2.25157484595182,1.4710429107020135,-0.3752838933148566,0.15968562372705597,0
37,-2.216744853639024,-1.489212188133377,-0.4756797117314277,-0.34911643287192945,-2.517716293703877,2.2883661646681595,0.6693263291705319,0.7363472948318768,0.7899024001771758,0
38,0.8104604097590794,-1.614062283265809,1.8146433036074947,-0.38543280888179643,0.44314635487373466,0.38557866156122533,-0.040027415290236984,0.08842979360284453,-0.821250554767904,0
39,0.8156032828781082,-1.6861119627069057,1.6779193115012845,0.38520876704281465,0.6630964999189205,0.04376819875714376,-0.733420210368618,0.15068232762677186,0.6227935434232789,0
40,-1.8565667530931862,-0.8674851045841121,0.8211578358296987,0.5377608227974494,0.20132398708369534,0.26802893581304305,-0.7968994890180123,1.344814824885672,-0.597967545418131,0
41,-2.207380631498917,0.029219327010489512,1.6646226816717293,0.3275346742309508,0.3740372663973018,-0.07267052449512973,-0.5564746680012568,-0.2071473075715526,-0.06326223944674673,0
42,-2.472923463063411,-0.44070702518162513,0.14306343503344984,0.565804712757172,-1.9869363553553339,1.4985488921519396,-0.05471885155031892,-1.025194248924726,3.3554527362205517,0
43,0.6837058558552054,-1.657933924309208,-0.6991723984097761,-1.3240574154512563,0.7013795457752255,0.12550276380048844,0.2807363930760379,-0.5897022501757923,-0.5897563665189977,0
44,-1.324124388381824,-0.18697256508758847,-1.3367758331764552,3.548234771416653,-0.9576643658795556,-0.9410002315482848,-0.99372531476484,0.24241684951463682,1.0232739580657737,0
45,-1.9696073443531423,-0.5890158158617712,-0.8517418071739262,-0.42943626465607093,0.6487129957924364,-0.42430241817009723,-0.5033504975282498,-0.5186118456774241,0.7407544305122431,0
46,1.020477436770948,-1.3767771860359317,0.7537329771664913,0.5294039676797352,0.599281822040861,0.549565744273716,-0.6905056150617873,0.5941445570790387,-0.46147601274734884,0
47,0.22625740253738325,-1.7738611219265272,-1.7229899478365154,-0.29036116867139994,0.7975649655749529,0.07300063973292435,-0.5401175356517193,0.6252618843070623,0.03178062859100755,0
48,1.0658544973586093,-1.9994915853708624,-1.0569372956056864,2.3607380417331134,-1.0993972128208322,-0.41108346416988556,-0.08979959926125793,1.0490748150101143,-0.6235955364167112,0
49,0.8018893202341905,-2.0084528924726452,0.8370032524876385,0.41378124792687515,0.4739406821116704,0.47602365497954713,-0.7062053934921059,1.3359769544112312,-0.4844342442581888,0
50,-1.128637923984926,-1.4533190200184072,1.9877911766683427,0.4163414359260273,2.31315039052881,-1.6935379948812892,5.085703381444085,1.341452579303153,1.2513886384693766,0
51,1.6832527154914882,-1.7965423014982254,0.6214600732641662,-1.6025285016547182,-1.7019615990253032,-2.348502830144534,-0.29917105561484264,-0.8825631953067293,-0.003241756603281481,0
52,0.18774112736054605,-1.855349372713882,1.8077372271362875,-0.08932047952797745,0.45225456450121093,0.11543578007918802,-0.3459417475760563,0.6617631919478519,-0.2660876357380493,0
53,-2.6986630264524383,0.5597111877959519,-0.8466442335171568,-0.792743600020947,0.615827918805149,-0.24119042634163607,0.031928778258285766,-1.2519468570229548,-0.4042905329079239,0
54,-2.7915836387206125,-0.1305795116502286,-1.873010569772281,0.4226063144413474,0.7284558770985201,-0.3852485463234307,-1.0565647883627394,0.3296847831326652,0.7897689439121645,0
55,-2.4008639076923197,-0.07774656350504668,-1.2531354158483348,3.3081877148170453,-1.1031152087354736,-1.0122797677121265,-0.7609228024981661,0.7209146875101852,0.41911346350473594,0
56,-2.3509834474324958,-1.8249878043307475,-0.3436831512750132,-0.8808750102784122,-2.7248910646885025,2.449327188774107,1.0759421391593695,1.144095212816836,-0.09029899764403837,0
57,-1.1502824697762237,0.3327779359500023,-1.3760472550121308,3.4866046320340187,-0.9013814829452402,-0.8138044675521335,-0.8424869330049091,-0.36349957515590253,0.7528317236362094,0
58,-2.463230906077234,-0.4224776096713768,-0.8539204519953374,-0.3722069338203804,0.6450458313593527,-0.5135958609540007,-0.5224878447245254,-0.41527889934130313,0.7320746491721286,0
59,-2.5216910666523087,-0.8567437448362403,-1.6508376575235122,-0.5208873120718143,0.38683175655722735,-0.027686730029614713,-0.3597344245184009,0.905931700104809,-0.6685536044497437,0
60,0.5845209030067136,-1.9000137506177033,0.38580919558995425,-0.7405514871446925,-2.068719154929212,2.244954866310394,1.0195825929094697,-0.9277856544359094,1.4468207886486164,0
61,1.0020732725178798,-2.4720955261111612,-0.18236320873521564,-1.4550965505523332,-1.9510674641999521,-2.132736580702185,-0.4423319676945372,1.0119808024843902,-0.8487070911952994,0
62,-2.1113299780362125,-1.216695407213113,1.9260670157561737,-0.5543288128995767,-0.023869737078306343,0.15769552780253487,-0.010882685916849513,0.9750160340711309,-1.2511425533790907,0
63,2.3611821332058613,-1.4770418805166905,-1.2238479882549542,2.716407818085581,-0.8286052300357238,-0.26626183871187514,-0.30690233309761294,-0.17125542031762636,0.0035231896551670048,0
64,1.0605334330929548,-2.037829390946298,0.6145539967929591,-1.3064161723008993,-1.6928533893978268,-2.618645711626571,-0.6050853879006619,-0.30922979696172187,0.5519211624265732,0
65,0.5856423704680019,-2.2761749443142913,-1.5888147425586896,-0.8793490769135732,0.5940573590234107,0.3232551066227753,-0.11436437846660606,0.9296768559559,-0.8397409878900918,0
66,1.1363118663113516,-2.1363199099137913,-0.31435976919163017,-0.9233379731458503,-1.7438926932153265,-2.293697604808133,-0.8489477776833747,0.6042328844994312,0.03149430662591437,0
67,-1.7114159030042566,0.22663477541516322,-0.8422869438743343,-0.9072022616923279,0.6231622476713164,-0.06260354077382929,0.07020347265083722,-1.458612749695197,-0.3869309702276949,0
68,-1.450422755306911,0.6062820326559327,1.5395321976865222,0.5631809222836146,0.5721038277544513,0.03651133288095991,-0.6571761457042752,-1.1882286239015192,0.26177623934461236,0
69,-1.98364964184313,0.5888453540061069,1.444628414244372,1.213798969908422,0.7193285513716782,-0.34093889800504246,-1.2341676846493197,-0.8867271708798177,1.403740090255276,0
70,-2.5154611438979884,-0.8263067902244716,1.8358906639638195,-0.14259376379289745,0.11057961247836054,-0.03890526438533356,-0.30109723977235037,0.8065170350839459,-0.6730214028383961,0
71,0.893722882867074,-1.4206488270793307,-1.7600827248507798,-0.4092206388897247,0.8575150129423519,0.2894898465129791,-0.3697418066955126,-0.08398748669959825,-0.22998182449844246,0
72,-2.3788813833339484,-0.12657751943203308,-0.8051941668600701,-0.7883427914740031,0.5632122003039174,-0.2790927475538841,-0.10017225630536954,-0.7493633786885363,-0.12516851713824487,0
73,0.727037827330547,-1.6738816134840535,-0.267812128877774,-1.2822444999637828,-1.8293934887038454,-2.1484879341919196,-0.4457695364604945,0.37348135148831896,-0.8344286410245737,0
74,1.9517299030784316,-1.1249910691034843,0.3574669523513372,-0.5390113468417529,-1.2876120570560514,-2.6704248783564286,-1.1124026755925178,-1.6980590312766475,1.7571610390391457,0
75,-2.021837582173898,-0.9928449964148661,1.8380693087852307,-0.19982309462858797,0.11424677691144422,0.050388178398569725,-0.2819598925760746,0.7031840887478249,-0.6643416214982816,0
76,-1.8479956635682975,-0.4730944953772755,1.7987978869495551,-0.2614532340112224,0.17052965984575963,0.17758394239472125,-0.13072151081614358,0.09726766407728535,-0.9347838559278461,0
77,0.9490487440563609,-2.4743772524465646,0.3832604087615696,-0.5588978194622546,-2.052276616435568,2.1533988703961633,0.7519429550162021,-0.561118148763144,2.0193432703587,0
78,0.45107544182846077,-1.1117484608780444,1.6804680983296691,0.20355509936037663,0.6466539614252768,0.13532419467137435,-0.4657805724753503,-0.21598517804599357,0.050271061713195356,0
79,0.7050455341562676,-1.886579064186073,-0.5871034238801064,-0.1802204288541495,-2.050700201751836,2.5162492984268496,0.6401815997971445,-0.15023894563640935,1.2197943987883622,0
80,-1.7722172303499006,-0.5715850143447686,0.8698841209649661,0.12162496514382648,0.11949035602826007,0.5025320492131595,-0.3745839005988565,1.0107303455384387,-1.455210711728505,0
81,-2.6422156978018627,-0.8701784312678706,-0.6779250380534514,-1.0812183703623572,0.3688128033798515,-0.29898116214607046,0.01966656859392451,0.12838499130530903,-0.4415272145894897,0
82,-2.2210945941428344,-0.2931216027552507,0.8237066226580834,0.3561071551150112,0.18488144859005173,0.3595849317272736,-0.5292598511247446,0.9781473192129067,-1.1704900271282146,0
83,-1.7274710324187434,-0.4596598089456451,0.8258852674794946,0.2988778242793208,0.1885486130231354,0.44887837451117696,-0.5101225039284689,0.8748143728767855,-1.1618102457881,0
84,1.0157872351617976,-2.1497545963454217,0.6585528502784302,-1.4836690314363934,-1.7619116463927023,-2.5649920369245884,-0.4695467845710494,-0.17331382430006886,0.25852069648616843,0
85,-1.5771773092107848,0.5624103916125337,-0.974283504330749,-0.37544368428584524,0.8303370186559422,-0.22356456487977694,-0.33641233733800047,-1.8663606676801563,0.4932704275935188,0
86,-2.13160219828052,-0.06927119195700367,0.7357089156871404,0.7106128733859999,0.32299796257980223,0.25227758232330855,-0.8003370577839696,0.7063153738896005,-0.5836890952474054,0
87,-2.808900753338389,-1.1234112176725934,0.8143455579195542,-1.9542422314364154,-2.318095698266346,-2.736958942850969,-0.05636116117105725,0.5858538294932261,-1.0459740311156212,0
88,-1.6356374697858598,0.1281442564476701,-1.7712007098589235,-0.5241240625372791,0.5721229438538169,0.26234456604460904,-0.17365891713187567,-0.5451500682340438,-0.9073578260283537,0
89,0.8541195580549453,-1.604623711919551,-1.8528078634715188,0.1841680778993921,1.0084069009926624,0.001333058410880141,-0.9275959984442813,0.1141810199859823,0.9206618077523355,0
90,0.9749381062245717,-2.6127432973720843,-0.36493051163133766,-1.1237140553673113,-2.3923243222931285,2.8738111147206657,1.337011963641483,0.4260079713357348,-0.23852814957354596,0
91,-1.7114159030042566,0.22663477541516322,-0.8422869438743343,-0.9072022616923279,0.6231622476713164,-0.06260354077382929,0.07020347265083722,-1.458612749695197,-0.3869309702276949,0
92,-1.7647331904603027,-0.2796810391907971,-1.7759281415087196,-0.2852410640191505,0.5848983179143769,0.08149512734647503,-0.46043590222141917,-0.07514961622515735,-0.34351512565838455,0
93,-2.3031029501155516,-0.2250680383995262,-1.7341079328446594,-0.4052645923189543,0.5121728964864178,0.04585535926455421,-0.34403464608808243,0.1640993027726167,-0.6455953729389036,0
94,0.14299492942938874,-1.9672745781130052,1.851736080621759,-0.2665733386634717,0.3831963075063356,0.1690894547811705,-0.21040314424644374,0.797679164609505,-0.559488101678454,0
95,1.3548999828481092,-1.5046442034770773,-0.39763004451277745,-0.8077152533929903,-1.6185515532861359,-2.2201555155139636,-0.8332479992530561,-0.13759951283276117,0.05445253813675437,0
96,-2.2893889874716336,0.09727289136621395,-0.893191873831013,-0.43383707320301473,0.7013287142936679,-0.3864000969578492,-0.3712494629645945,-1.0211953240118425,0.4616324147425642,0
97,-2.3478491480467087,-0.3369932437986497,-1.6901090793591877,-0.5825174514544486,0.4431146394915427,0.09950903396653672,-0.20849604275846992,0.3000152754342698,-0.9389958388793083,0
98,1.079568460002527,-1.6771506556051228,-0.21602123659204014,2.332165560849053,-0.9102413950135821,-0.8433389203922889,-0.1170144161377701,-0.13621981177434506,0.4836322512647567,0
99,1.4383225652766414,-1.444824873258833,1.6848253879724917,0.08909643768899567,0.6539882902914442,0.3139110802391811,-0.42750587808279883,-0.42265107071823554,0.06763062439342434,0
100,-1.0910377873762922,0.10396821026816802,1.6737074029643477,-0.025806985958558567,0.3685962212029092,0.2867657997708109,-0.2314229885191619,-0.8838136522526812,-0.6097453771364868,0
101,-1.4193905200196715,0.3958663082893161,0.6546172851874046,0.7690062623031693,0.4520062669420766,0.41511311440138077,-0.7654999321573754,-0.138849969778713,-0.5520510823964508,0
102,0.8165302231928615,-1.4500312026858064,-0.3558098358487172,-0.9277387816927941,-1.6912769747140948,-2.2557952835958845,-0.7168467431197195,0.10164940616501282,-0.24762770914376458,0
103,1.1896291537673978,-1.6300040953078312,0.6192814284427549,-1.5452991708190278,-1.7056287634583869,-2.4377962729284373,-0.3183084028111184,-0.7792302489706083,-0.01192153794339597,0
104,0.8862388429774761,-1.712552802233302,0.885729537622906,-0.0023546097267476656,0.3921070510562351,0.7105267683796637,-0.28388980507294986,1.001892475063998,-1.3416774105685627,0
105,0.7646271621926309,-1.8284741227177979,-1.7648101565005758,-0.1703376403715962,0.8702903870029118,0.10864040781484517,-0.6565187917850561,0.38601296530928825,0.3338608758715266,0
106,0.7731982517175199,-1.434083513510961,-0.787170105380719,-0.9695516971802678,0.8394960597649762,0.01819541439652335,0.009659186416812772,-0.8615341954990983,-0.0029554346381883098,0
107,1.9123047694129287,-1.1985784689271726,-1.270025486561837,2.9508900080567657,-0.7632141374739322,-0.40920895619776093,-0.4615782836235013,-0.20383844664315837,0.2882438742554572,0
108,1.5030307304321242,-0.7361401724974346,-1.2234778462479807,2.591983481238833,-0.8487149329624512,-0.2639992855815479,-0.058400042400620876,-0.4345899796542707,-0.5776790733950311,0
109,-2.387452472858837,-0.52096812863887,-1.7828342179799266,0.010871265334668371,0.5940065275418531,-0.18864775413556234,-0.7663502345072383,0.49818378211985015,0.21164779337146997,0
110,-1.8875989883804258,-0.6570693802174957,1.7060727483288163,0.3319354827778947,0.32142154789607014,-0.11057284570737774,-0.6885757025649121,0.2954361707628656,0.2158597763229323,0
111,-2.216744853639024,-1.489212188133377,-0.4756797117314277,-0.34911643287192945,-2.517716293703877,2.2883661646681595,0.6693263291705319,0.7363472948318768,0.7899024001771758,0
112,0.8489766849359166,-1.5325740324784543,-1.7160838713653082,-0.586473498025219,0.7884567559474767,0.34314352121496167,-0.23420320336590014,0.0519284859620548,-0.523382290438847,0
113,0.5856423704680019,-2.2761749443142913,-1.5888147425586896,-0.8793490769135732,0.5940573590234107,0.3232551066227753,-0.11436437846660606,0.9296768559559,-0.8397409878900918,0
114,1.3739350097576812,-1.1439654681359017,-1.2282052778977768,2.8308664797569616,-0.8359395589018912,-0.4448487242796818,-0.34517702749016443,0.03541047235461567,-0.013836373025061974,0
115,-1.80947938839146,-0.39160624458992055,-1.731929288023248,-0.4624939231546448,0.5158400609195015,0.1351488020484575,-0.3248972988918067,0.060766356436495646,-0.6369155915987891,0
116,1.1749882508087268,-2.18842578509467,1.81209451677911,-0.20377914119935833,0.4595888933673783,0.29402266564699475,-0.30766705318350485,0.4550972992756099,-0.2487280730578203,0
117,-1.2177923412801661,0.06009656922476896,-0.8401082990529232,-0.9644315925280184,0.6268294121044001,0.026689902010074,0.08934081984711294,-1.561945696031318,-0.3782511888875804,0
118,1.2060204860959665,-2.398841509461287,0.9271796042799928,0.002046198820196136,0.33949133255500347,0.6726244471674155,-0.41599083963660516,1.504475953398416,-1.0625553947988837,0
119,-2.181038597820827,-0.954173807665617,0.684527642284551,-1.479712984865623,-2.1072537628486363,-2.8086265241730133,-0.4438396239636192,0.07477296517214603,-0.15709285195429268,0
120,-2.425968748035674,-0.6024563794262247,1.7478929569928765,0.2119119544780909,0.2486961264681112,-0.14621261378929867,-0.5721744464315753,0.5346850897606399,-0.08622047095758684,0
121,-1.4635058552943245,-0.45069850184386223,-1.0680552806138304,2.245834618085559,-1.3847892819093675,-0.43822874463825573,0.10628329030237911,0.5879122334756687,-1.3009715379466222,0
122,-1.5324311112796276,0.6743355970116572,-1.0182823578162203,-0.19819082515035108,0.8993952756508176,-0.27721823958175945,-0.4719509406676129,-2.002276640341809,0.7866708935339233,0
123,-1.7670743572308718,-0.6436346937858654,0.7331601288587557,0.8922665410684376,0.3394405010734459,0.1607215864090779,-1.0679766956772376,1.072982879562366,-0.011166613537321938,0
124,-2.4396827106795915,-0.9247973091919648,0.9069768979792305,0.2404844353621513,0.059540308660861026,0.28604284243310474,-0.5449596295550632,1.719979716545099,-1.1934482586390547,0
125,-3.1506746896311584,-0.6498199611466281,0.453604196260135,-0.8566189688737259,-2.4867866928131046,1.965680610980048,1.1616910096502369,-0.4404499459659205,0.7291269929276363,0
126,2.582841520932978,0.5036579171911154,-1.2127376062496078,2.1850998194883995,-1.4143289567611692,-0.12432739897336656,0.29915964905775994,1.2302944286825783,-0.44870104072166367,0
127,2.5143564286789193,1.114247246216395,-1.8331173168969677,-1.2503391715382393,0.4624401867493423,0.5064030235601188,-0.26322054191244015,1.7887651209925215,0.5777295938132267,0
128,0.8120766104824652,-0.03658744452536522,-0.8913138705062372,-0.8921115501374052,0.5619982325602718,0.03958243330966456,0.17106341249510498,-0.23665262515034066,0.25985744395787547,0
129,2.246361975229386,1.9081629329652647,-1.909665448609361,-0.965725336116088,0.5118348435405139,0.31642226708295146,-0.46664482105901317,1.8726842886694073,1.0917326558078784,0
130,2.637081706257679,1.9609958811104466,-1.2897902946854147,1.91985606425961,-1.3197362422934797,-0.3106089543057444,-0.17100283519443996,2.2639141930469275,0.7210771754004499,0
131,2.192676666941658,1.7327844998815216,-2.02019216409043,-0.5958601889941726,0.8072853690006949,0.3767242849557182,-0.6245255920465502,0.6260155580090734,1.242927064410804,0
132,1.1349640724043197,-0.4031789631922569,-0.8479113721917403,-0.8692884062783349,0.8075031882237362,-0.07587186358603953,-0.08783747082455663,-0.6285298074942632,0.45560932015053557,0
133,-1.1417113802513348,0.727168545156839,-0.3984072038922741,2.687390575225347,-0.932175810183176,-0.9042494609704552,-0.17630895480303968,-1.611046735964289,0.41601541312649476,0
134,-1.7956535968623673,0.9164920149791979,1.5761204179773727,0.13218280185099857,0.5573518380635701,-0.17627867275430525,-1.0942900797661086,0.470721343792604,1.179313846561524,0
135,1.2900596103614432,-1.7615154060153622,-0.5272977054932627,-0.541823832509862,-2.201145987079123,2.665816451623437,0.8816478250319606,0.1347622473531932,0.8709556256420298,0
136,2.5892642371361627,0.5000465844402315,-1.3401720985264367,2.389533923474157,-0.6777296326337191,-0.3253476300481014,-0.6258264355898817,0.25644791937618255,0.9028591713477161,0
137,1.3615689113081288,-0.4630636585408268,1.4574204873505134,0.7216154720693453,1.0535858425698148,-0.2208009736079794,-1.677851432122308,0.4208030610059694,2.7455710272527636,0
138,1.939541995775505,-0.3337017744918775,1.508325417307192,0.24825028358003193,0.9754193759474632,0.10299558257604051,-1.236398496506876,-0.016614364677384783,1.8970076422825044,0
139,1.2791215496297124,-1.4061536845095841,0.5312837214718119,-1.1907934525480395,-1.5675122494686362,-2.545103622332402,-0.5893856094703434,-1.0510621942939142,0.5748793939374132,0
140,-0.9556260410112328,1.721016464173772,1.4904667192980514,0.5179006641888932,0.1569355892830201,0.026616066292554127,-0.5410826794807104,0.19165459144572758,0.7395930451643127,0
141,1.0302216788674246,0.2988860608791388,1.680128905076466,-0.2578610163879674,0.14965209189841033,0.3599320414830851,0.07262848216737056,0.8298135579540199,-0.3291552987774782,0
142,-2.6422156978018627,-0.8701784312678706,-0.6779250380534514,-1.0812183703623572,0.3688128033798515,-0.29898116214607046,0.01966656859392451,0.12838499130530903,-0.4415272145894897,0
143,1.4906646319825718,-0.055238362902359596,1.4621479190003093,0.48273247355121657,1.0408104685092547,-0.03995153490984534,-1.3910744470327643,-0.0491973910029168,2.1817283268827947,0
144,-1.4099566764010036,2.4129555684109683,0.07780961818885643,-0.14599289544096863,-2.456427151779065,1.9841683026666543,0.8729572413211922,-0.9388101956017211,2.3710238183247068,0
145,1.601356188403947,-0.7427314073391225,0.5307791647483983,-1.74065104319898,-1.5223141917921186,-2.541404421187613,-0.8561238145759701,-0.10136159760645162,1.2306545480648747,0
146,-1.6676449258232156,1.2218306765647995,-2.0426044639663736,0.2856478309785648,1.0407787531270627,-0.326021162504534,-1.5595430745009973,0.16238809082850836,2.0639830427713903,0
147,1.4866949114351309,1.2980839542469707,1.547627787896638,-0.2759600296324253,0.40202492055955397,0.20267021852192704,-0.6007255329270937,1.3717662366565235,1.2068212531711973,0
148,1.251986383336404,-1.546801455770507,0.3487164185756899,-0.8594109573630173,-2.008769107561813,2.461444073090449,1.1899583218656766,-1.63703502544257,1.1850583355591664,0
149,-0.8715335322713312,-0.7401550627943378,-1.6262062736256073,0.3309234665354647,2.783801931531742,-1.662431045933384,4.90722737179874,0.5631188743301708,1.5722151343092732,0
150,-0.422451987235611,3.376737468044015,-1.8050247297632263,-1.1395193147527456,-0.12698118274528006,0.4061252062951591,0.44083402968733143,1.2384893890989455,-0.9564556088223887,0
151,-1.3649000799920377,2.1834547606035106,1.5370143596119077,0.15899413737096096,0.07143479379450109,0.17182573690876735,-0.1379044382578301,-0.03909694156538483,-0.1263299024861756,0
152,-0.7697391932456976,2.6239173814570758,1.6076732980863264,-0.07242514613902429,0.14683036392697507,0.06961151143446541,-0.22322477215963615,0.07386220941883366,-0.058814203385600936,0
153,-1.807026392735716,0.9581047398085258,-1.7738839114037486,-1.0167523223525292,0.613653837097251,0.17675032440549518,-0.4595344694337782,0.5078834747895401,-0.2602624532410062,0
154,-0.018525002616622363,-1.4090070913724972,-1.4898524235263706,-0.3152937725423988,2.583961489413284,-1.3228831362596296,5.352117876180129,0.7642008996428878,0.709373299168289,0
155,-1.6210006092732872,1.401507335526781,-1.9409785369154693,-0.19597910097695165,0.8176075463718169,-0.2120937773898678,-1.2016755931328442,0.686638202815885,1.4130640223445379,0
156,-0.9669988368845817,1.7626291890030998,-1.8595376100830698,-0.6310344600146346,0.21323758831670103,0.3796450634523547,0.09367293085162008,0.22881672244266354,-0.699983254638218,0
157,0.006547818539337559,-2.029375634666652,0.33490426563327563,-0.26718629865537946,-1.9905526883068598,1.921158310126374,0.5781296572940381,-0.4903682287525551,2.2953841736188756,0
158,-2.082506259845552,-1.153436571936007,-0.607676272187842,0.18264214453455307,-2.310541522719251,2.1274051405622116,0.26271051918169436,0.3285993768469179,1.6701037979983893,0
159,0.8603494808092654,-1.5741867573077823,1.633920458015813,0.562461626178309,0.7321547569137957,-0.009885475944838816,-0.8689588136982306,0.01476635496511888,0.9161940093636833,0
160,1.4345456381780657,-0.125550843472155,-1.8438575568953406,-0.8434555097878055,1.0280542105480603,0.3667311369519376,-0.6207802333708208,0.12388071265567209,0.4487515611398594,0
161,1.689116069672226,0.2577077465194984,0.6653960769423451,0.4224935702023795,0.24039646650374516,0.6668662416814617,-0.4231737670782918,1.368111347755746,-0.25410144135721324,0
162,-2.025614509272473,0.3264290333718118,-1.6906136360826014,-1.1323750421053893,0.48831269716806036,0.1032082351113263,-0.4752342478640966,1.2497158721217323,-0.28322068475184653,0
163,-1.9290811216723591,0.5459812182918202,-1.7697105546233796,-0.6661075390008,0.5541498924528757,-0.17832851728007165,-0.9462981649039374,1.700302545471383,0.8033048589528891,0
164,-1.8023265677684852,0.5898528593352192,0.7441051473938917,0.27251706756865973,0.2959167015513848,0.0817473804806652,-1.2670619732702124,2.37843458925002,0.5718106707039827,0
165,0.9851133973481594,-1.1290469627182258,-1.7024556512853475,-0.7135947117097466,0.7034020631819814,0.34976355692566274,-0.14741292865697234,0.3043466526261254,-0.5875003789848897,0
166,1.1118679512520333,-1.0851753216748268,0.8113600507319239,0.22502989485971303,0.4451688722804904,0.6098394546863996,-0.4681767370232472,0.9824786964047623,-0.818994567233796,0
167,0.3985490863817426,3.8015718595829857,-1.940074633771439,-0.9759646603147656,0.14183418440950735,0.1573073874197704,-0.5001596233004009,2.1471095734742147,1.1520434248363698,0
168,0.2658607273495116,-1.589886237086307,-1.6302648092157765,-0.883749885460517,0.6466730775246423,0.3611574278350234,0.017736656097049254,0.427093377621482,-1.118863003659771,0
169,-0.9351610273180603,0.5395439615550102,-0.9333379943970757,-0.9209004663898421,0.8229193578312285,-0.2577676849472355,-0.7352515770072823,-0.41407659265827484,1.4281675974906591,0
170,2.3334735183355195,0.5987949710570433,-1.802746683491457,-1.3004708169892056,0.4784366225199622,0.5534366625514003,-0.21447221329175545,1.6722629269901037,0.3484472164188649,0
171,1.1749882508087268,-2.18842578509467,1.81209451677911,-0.20377914119935833,0.4595888933673783,0.29402266564699475,-0.30766705318350485,0.4550972992756099,-0.2487280730578203,0
172,-1.0628616758425793,1.9777021174604377,-1.23294031255037,2.4235380560303548,-1.6942799806553117,-0.5109090037076774,0.17019085913930188,1.4457981918292613,-0.5795939045618347,0
173,-1.1855869534213388,1.1309534825663858,-1.7762673347619227,-0.7466571797674946,0.08789644838751054,0.3061029741581858,0.07797315242130153,0.9706491197748558,-0.7229414861490581,0
174,1.4419487135039737,1.186158748847847,1.5916266413821094,-0.45321288876791965,0.3329666635646787,0.2563238932239096,-0.46518692959748137,1.5076822093181765,0.9134207872307927,0
175,1.6961696485319158,-0.48054319096544024,-1.2287098346211904,2.281008889106021,-0.7907415012253733,-0.4411495231348922,-0.6119152325957911,0.9851110690420786,0.6419387811023998,0
176,-1.2201335080507352,-0.3038570853702993,1.668979971314552,0.21307601255956982,0.38137159526346914,0.10591636107267698,-0.5181999736087053,-0.4138132002437947,-0.045902676766517755,0
177,-2.341619225292388,-0.30655628918688105,1.796619242128144,-0.20422390317553177,0.16686249541267595,0.08829049961081785,-0.14985885801241927,0.20060061041340646,-0.9434636372679606,0
178,0.903216870260618,-0.07523606855912288,-1.7931365598011153,-0.8517172532540085,0.883049470415166,0.15686196588258391,-0.7043656876180998,1.085548250326403,0.6463959256832668,0
179,1.5165539941507826,-0.19360440782787938,0.713956998607402,-0.08208376235383985,0.700762762651694,0.680460709414657,-0.8060054384074832,0.937928729095962,-0.07614309304945159,0
180,2.011793756598258,1.2173322247221696,-1.9898215306849192,-0.6459918344451391,0.823281804771315,0.4237579239469996,-0.5757772634258654,0.5095133640066559,1.0136446870164422,0
181,2.1385483105021326,1.2612038657655686,0.523994171332352,0.29263277212432076,0.565048613869824,0.6838338217077365,-0.8965410717921403,1.187645407785293,0.782150498767536,0
182,1.2136163548707395,-1.1211802045039376,0.7485009887932816,0.21842937554692288,0.6572552537779387,0.37241550672037166,-1.244020805256958,2.013845605775388,0.758141841750082,0
183,-0.8465325331998225,2.4364138780636813,-0.9339034008142799,-1.3066649159903694,0.6203709980359743,-0.20000525660288404,-0.3427797183168437,-0.15940557100048164,0.9566913160828527,0
184,-0.7197779792959484,2.4802855191070803,1.579912301202991,-0.3680403094209095,0.36213780713448335,0.06007064115785281,-0.6635435266831184,0.5187264727781552,0.7251971278339464,0
185,1.6597316983008248,0.20562443605411043,0.7364860071175278,-0.09744319120476691,0.5434287511812635,0.5128513421379253,-0.9192018740791711,1.9127655144329896,0.35946343022843213,0
186,-1.5979226402344218,-0.8968616030577646,0.5987085801350193,-1.182436597430325,-1.965470084425802,-2.826640430793075,-0.6957794834265685,-0.3003919264872812,0.43838786126663104,0
187,-2.056646744559713,0.5368447577384283,-0.8056987235834837,-1.338200382124944,0.6084102579804352,-0.2753935464090946,-0.36691046141099626,0.2003372179989263,0.5306066369892168,0
188,0.7594842890736021,-1.756424443276701,-1.6280861643943654,-0.9409792162962075,0.650340241957726,0.45045087061892675,0.036874003293325,0.323760431285361,-1.1101832223196566,0
189,-1.3217236658335816,0.7274264128061575,-1.7898955548418836,-0.6195359660829668,0.1729511411530058,0.2994829384474847,-0.00881712228762626,0.7182309531107854,-0.6588233976030153,0
190,2.3060309940145998,1.0687864429736418,-0.2948954357810801,-2.2821935564356646,-1.9954058977270341,-1.9554730581262532,-0.33050951710381576,1.4876892711637504,-0.40348782823032825,0
191,1.184925286354069,-0.5468108255422526,-0.8756723690750756,-1.1649035695602201,1.0228106314312446,-0.08541273386265213,-0.528156225348039,-0.18366554413494166,1.2396206513700823,0
192,-0.9089817244613047,1.9006931231357536,1.5920926463489553,0.036273732233377105,-0.06623561747222564,0.14054345140722035,-0.18321519811255765,0.7159047034331043,0.08867402473746068,0
193,1.5937603196291739,-2.020392712296472,0.709457780235109,-1.9570342199257067,-1.8400781130150539,-2.2411954807405685,-0.028093848955617482,-0.6107312499834233,-0.5900426884840908,0
194,1.4785668700620398,1.199895546072344,-2.0847253141270694,0.004626213179668552,0.9705065283885418,0.046307693060997204,-1.15276880237091,0.811014817028357,2.155608537927107,0
195,-1.751019227816385,0.04265989057494306,-0.9350120824950734,-0.31381354490321095,0.774054135721627,-0.3507603288759283,-0.48765071909793145,-1.2604442430096165,0.7637126620230832,0
196,0.22815552115615423,-1.7061096683636692,-1.57736516730014,-0.9492409597624105,0.5053355018248318,0.2405816995495731,-0.04671145095395398,1.2854279689560915,-0.912538857776249,0
197,1.177441246464471,-0.8387148006962238,1.7701398933986097,-0.7580375403972426,0.5574026695451277,0.3356241880040324,-0.4423042237254763,0.9022144176286543,0.1279250652999623,0
198,-1.2639448089885503,1.0234089718373698,0.3114929553899653,-1.3234715458533812,-2.6390267120471647,2.204993484687707,0.9782304688821171,0.688217409400284,1.9671548356119097,0
199,0.27723352322286055,-1.631498961915635,1.7197395201653447,0.265185238743011,0.5903710784909615,0.008128430675222939,-0.6170189542352812,0.38993124662454576,0.32071329614275995,0
200,-1.9577602796749194,0.4504793090805869,0.6964374938514648,0.6489827340033655,0.37928084551411756,0.37947334631945995,-0.6490986760240386,0.10039894921906103,-0.8541313296769698,0
201,0.7279809430769921,-0.6396228686306716,1.884507293720922,0.024787372378000775,0.5580475225667679,0.33694080153151973,0.4172924092657628,-0.690866923197484,-1.1690743130750056,1
202,1.2714935758512687,-0.7662855488630391,1.7059630929506515,0.9154524766024157,0.8507230890399128,0.03077010680935892,-0.3925016419459551,-0.867863308171331,0.5770500323966964,1
203,-1.2578667768016651,0.7825075346639615,1.6948451079425075,0.8005490529548616,0.5653310199513778,0.0036248263409887492,-0.19641875238231815,-1.329025889705776,-0.10032596913321495,1
204,1.0814385160637254,-0.40681115073064184,-0.09743096134334563,2.3262498844552275,-0.8771738583759842,-0.6574736670218781,0.7626209968373859,-1.249601007921907,-0.7214346733527187,1
205,1.3413360033354174,-1.9167672943264653,-0.24888902321102782,-0.9479760640786984,-2.3428142471618867,2.968120372176846,1.9490077387233713,-0.3207057191390617,-0.8710725924809375,1
206,-1.1287710561272224,1.1903328303024283,1.6995725395923036,0.561666054436733,0.5525556458908177,0.18447426503912273,0.09035823270722548,-1.7990263417146626,-0.6641686695031839,1
207,1.0814385160637254,-0.40681115073064184,-0.09743096134334563,2.3262498844552275,-0.8771738583759842,-0.6574736670218781,0.7626209968373859,-1.249601007921907,-0.7214346733527187,1
208,1.300026632600483,0.22486455570607225,-0.18070123666449256,2.4418726042080876,-0.7518327184467937,-0.5839315777277092,0.7783207752677045,-1.9914334052540987,-0.6984764418418785,1
209,1.1757712572346342,-1.020572914273055,-1.6927675215657372,0.18265321005251062,0.9888587191290289,0.14929599056904286,-0.18006162003278062,-0.4966166978271613,-0.0052831010954606464,1
210,1.2663507027322398,-0.6942358694219426,1.8426870850568617,0.14481090067780455,0.6307729439947269,0.3725805696134405,0.30089115313242615,-0.9301158421952581,-0.8669940657944865,1
211,-1.6317588399914205,-0.1615604786510435,-0.4429084986322647,-0.05775572183045687,-2.3428650786434444,2.4562175114185085,1.2970218826827384,-0.7521987929751118,0.1803161887806236,1
212,1.8694286275429701,-0.04016416945181523,-1.1074363578276705,2.767721472527446,-0.7992048578312094,-0.16969002812536757,0.5535957326812673,-1.1813036701290673,-1.2102235163024226,1
213,0.5926552996482292,-1.0778851188809078,-1.6069484594162053,-0.11462317738278732,0.8470750407061947,0.1673098971891046,0.07187823943016877,-0.12145180616773431,-0.6007638143163843,1
214,-1.6309657073762018,0.962480427285986,0.7197538436510359,1.4181094420810951,0.5796828086956699,0.18562581567354114,-0.5949570926909192,-0.44814623457015473,-0.33603214033358353,1
215,-0.9494579295565237,0.13783155226530444,-1.6137091547815268,-0.3439852627017226,0.569017300483827,0.3187515022885412,0.30623582338635724,-0.7892802803744217,-1.2607802531660668,1
216,-1.5188599244990109,0.40286027742319197,-0.6869740336183487,-0.669834131021081,0.6163894398682429,-0.09549004731380045,0.5309608659727945,-1.5994100154994542,-0.7490331787055223,1
217,1.0948499508972087,-0.850032715864465,-0.6271297634749377,-0.9710665650271494,0.8199478779013426,0.16615834655468617,0.7571935648283136,-1.472331913312242,-0.9289003434859848,1
218,-1.8620480872475964,0.7485786393751885,-0.5723562722602945,0.2923491878935877,-2.1521328461524623,2.3868124832267914,1.1580457105871687,-1.526614216632836,0.487995104891754,1
219,1.6171645811379691,-1.5909403010165444,0.9992222392148311,0.35503704924430307,0.4580596646811206,0.7132800299216133,0.06046633211567037,0.6218462902619667,-1.401699371765871,1
220,1.748903996393416,-0.05359885588344563,-0.1345237383576099,2.2073904142369027,-0.8172238110085852,-0.44098446024182336,0.9329967257935928,-1.958850378928567,-0.9831971264421686,1
221,1.624648621027567,-1.2990363258625728,-1.6465900232588544,-0.051828979918674016,0.9234676265672374,0.2922431080549287,-0.025385669506892382,-0.46403367150162905,-0.29000378569575064,1
222,-1.0104836309310743,1.780501090823015,0.5895251698536816,-1.445334285586737,-1.6928050931876202,-2.6171875616856886,-0.20272110045633338,-1.3418208959412254,0.20545478822786206,1
223,-1.6361085804952307,1.0345301067270827,0.8564778357572463,0.647467866156484,0.359732663650484,0.5274362784776228,0.09843570238746198,-0.5103987685940822,-1.7800762385247666,1
224,2.9694356526686003,2.0688088405502687,1.6727539976095662,-0.45356369853332223,0.4460939504964031,0.656415800244048,0.3363219216368892,-0.05161379849940133,0.02779367257406544,1
225,-0.14574390792941536,1.8803282466761073,0.8299599352711444,0.033283259285128715,0.39626861442254924,0.6626887261989376,-0.17877613694629813,0.34913812942355604,-0.8776591443227134,1
226,2.698124301819246,3.186033048611116,1.725592789831412,-0.354961631784802,0.057009957324820455,0.5899032991581594,0.9310838783819517,0.11169121780553917,-0.8931336170776815,1
227,1.3520661714959787,0.8488885711629823,-1.7739935667819133,-0.43323532852800817,1.1429553782410937,0.31809327692223194,-0.16346040881482107,-0.6554160041446562,0.10092780283275773,1
228,-0.8332313538004805,3.004790655479884,0.6361443750766858,1.072316046085611,0.2080220790979939,0.4837757517794208,-0.04084825961787997,-0.14417989590233404,-0.6925002693134169,1
229,-1.1291154142208342,1.3389639213188866,-1.2234175463009702,3.2313445028900154,-0.8666233975048797,-0.9322852157312184,-0.667605091984854,0.5487367020634242,1.037824887945729,1
230,1.886394067704222,2.3311052758290645,-1.8832957552579916,0.17160529493014415,0.6505962105519046,0.21043153120647376,0.121874605273001,0.007771002519962773,0.3815342093137196,1
231,1.4410036903213197,-0.20922054887435923,-1.6744118698359804,-0.1833510021501456,0.8910286523029737,0.3367654649778779,0.19350563976569074,-0.7141989831719769,-0.6332438900114723,1
232,2.4754500073564016,0.919339228542422,-1.75600805705913,-0.6748152038839168,1.0652350143417657,0.5033001982007398,-0.038395439713341806,-0.6096637301528276,0.054169276966944006,1
233,-1.8225496366379557,2.1340613162609365,1.902135904108244,-0.4863419551021302,0.0845730165463012,-0.11763749084012881,0.014316600475193647,1.598259442301639,-0.2640238067157595,1
234,-1.3063899018313982,1.9898563590515155,-1.789838983439853,-0.30925575365743385,0.8703386832131186,0.11009855775572784,-0.25415450434072767,-0.6465781336702153,-0.012605498327184462,1
235,1.9821885292204193,2.4018852529310575,1.6683967079667439,-0.33910503686194116,0.43875962163023563,0.4778289146762413,0.2980472272443378,0.15505209417284063,0.01043410989383652,1
236,1.3868753338817938,-0.6808011829903122,0.8697744655868014,0.7051419589683477,0.6487918971721027,0.6438750017298962,-0.07850983997989938,-0.1525691333957577,-1.0940204556547406,1
237,1.3868753338817938,-0.6808011829903122,0.8697744655868014,0.7051419589683477,0.6487918971721027,0.6438750017298962,-0.07850983997989938,-0.1525691333957577,-1.0940204556547406,1
238,2.068054776855402,-0.005247958377375859,1.6735977475861832,0.5577100078659626,0.8978977623467518,0.42810875228754763,0.06465107209979531,-2.0471131311868773,-0.24855512106272276,1
239,2.5969675847505678,1.5141421284382384,-1.0690086859686119,1.8180779055107956,-1.3072915526158735,-0.06857874416501866,0.6740282004584304,1.420112087228948,-0.66343248823607,1
240,-1.3826113832015932,1.7921446769867986,1.7937878334485866,-0.17370613881590488,0.38369070643956604,0.03195796981654113,-0.1244268233160678,0.2482577653051842,-0.10414961677271942,1
241,2.5638857080257744,2.8502574324137453,1.8575893502878265,-0.8867202091912846,-0.1501648136598053,0.7508643232641071,1.337699688370789,0.5194391357904983,-1.7733350148988951,1
242,-0.5342629925285025,2.6608092469933475,1.7263244230288115,-0.24243396358326333,0.42764431803634506,0.20141353760531455,-0.002799422980545612,-0.34448941169905867,-0.13662969246780757,1
243,-0.25462740667660033,2.3995129347947786,-1.079622114253342,2.253032072514182,-1.637881679380926,-0.09942322577817844,1.1368492951276943,0.00924890900704003,-1.9965836438934432,1
244,2.802213872208521,3.5139818203770736,-0.8463545424747048,-1.5390697561851805,0.5145541556631998,0.27325289212952847,0.7627806036040593,-0.005074368611358451,0.35165427978513397,1
245,2.573881513575287,1.2066428670252882,-1.6894801950635328,-0.8674274918703382,0.8388427458764599,0.3893445056259906,-0.01605327205541717,0.5010890278458531,0.19637533430442317,1
246,3.0160799692185285,2.2484854995122507,1.77437992466047,-0.9351906304888383,0.22292274374115725,0.7703431853587143,0.6941894030050422,0.4726363134879753,-0.6231253478527862,1
247,0.42405198851877984,4.055501956708508,0.5306233546108684,-1.8637164412688385,-2.2181326698226433,-2.397353550072637,0.25732864414129375,-0.16635071827249806,0.2932729638660268,1
248,-0.8176192725377919,3.394883038808482,1.622685214626707,0.3848637741105401,0.1049484331551229,0.21910135537366615,0.4253430082033734,-0.6693084380377636,-0.5295919679992055,1
249,2.383866699426451,0.6617856515439697,1.8005276831395982,-0.1965816867707356,0.20649649589581945,0.6328281845070719,0.7228989516418101,-0.1235660251930187,-0.9443401790046407,1
250,1.3581842653651233,-0.10643180402862758,-0.7543988922815561,-0.6781909861387952,1.0143472748254085,0.18604676114687246,0.6373547399290196,-2.3500802833060868,-0.61254164603474,1
251,1.9775871602429715,0.6541723265748902,0.6052767879505586,1.2188015231303726,1.1083394968178726,0.3256521546627907,-1.1584796650632014,-0.018364372678213146,1.3221574941151486,1
252,1.6383625836714848,-0.9766953960968325,-0.8056739642452082,-0.08040146080273453,1.1126234443744876,-0.14001234816747454,-0.05260048638340455,-1.6493282982860888,0.8172240019857172,1
253,-1.494385946812161,1.6622096980784244,-1.9213309871728539,0.7723604143999896,1.0323153965212266,-0.05456166749500931,-0.3940321092239384,-2.004026648342638,0.21182074536656734,1
254,2.357184350100848,1.0788684879442625,-1.1654026246463063,2.610679429599124,-1.1420937775977054,-0.0053558917263405795,0.8696759092854479,-0.5238390734547773,-1.2321313223066488,1
255,2.2387380438970403,1.8330896793195375,-1.7580213384103307,-0.5291443981456297,0.5193679227052977,0.6349154010837573,0.7476144728387303,-0.41023264450415614,-0.9897120189913059,1
256,1.5489820166943458,-0.2147884770917013,1.7494573897127093,0.1883420268159809,0.8268628897215552,0.08812298265613104,-0.5237012437219692,0.2177532611777853,0.9394247205837536,1
257,2.2572239744077525,1.6036713403039486,1.753845628109302,-0.5119570874504916,0.3170856461341289,0.4935802681659757,0.30148479601029504,0.7935515451689121,-0.003844340276888967,1
258,0.11407335750093697,3.13222438591069,0.5562665563665831,-1.6749650882016764,-2.189360859991463,-2.5311693497794896,0.01929998767243476,0.1871475397339707,0.627833286841634,1
259,-1.043610464400457,1.4514977400517648,-1.7295287083295958,-0.1210015666622059,0.6746948402093139,0.25596650980752533,0.25404992599971526,-1.3112775373680756,-1.0172194256009792,1
260,-1.365102411633012,1.0391931879506269,-1.0285619239059136,2.706186444796323,-1.285884549986954,-0.5339002436592428,0.5148547862376942,-0.07488228932224232,-1.4195129188593623,1
261,1.0090660647239553,4.180565614879219,0.590429072997712,-2.225319844924551,-2.36857845514993,-2.2477863968760503,0.4987948693761098,0.11865047471710442,-0.05556580928030584,1
262,-1.793895369686344,1.2010741900503001,-0.7724229537609071,-0.4969820804325306,0.7380634153643497,-0.11124140080353495,0.5275232972068372,-2.237909466495525,-0.7347547285347966,1
263,-1.0180903014523972,-1.2090399536546539,-0.4147104685784142,-0.10766218083669127,2.6336690306221024,-2.040154073883979,5.7316859798027044,0.386607297058606,1.41418108418086,1
264,-0.8913357475485231,-1.1651683126112549,2.099105233438857,0.8309624257327686,2.3754358397206117,-1.7800781761232425,5.41092217143643,1.064739340837243,1.1826868959319539,1
265,2.964220636650008,2.324365908299388,1.65651614100743,0.01930432388405712,0.29984476428377005,0.612302995818678,0.6411020728307593,-0.632394034520376,-0.46281719270507704,1
266,2.243700710689094,1.0611355756343936,-0.18358921674608042,2.1621101561421816,-1.2323920494800165,-0.4508797268302291,1.0490901920171574,-0.5789671635813204,-0.5053803206224685,1
267,0.23194324484758394,6.255617323742067,1.7919476853540015,-1.2822268169185558,-0.4982981797510815,0.3698281201866274,0.9504236580105385,2.0667331039574286,-0.8453262770288087,1
268,2.068054776855402,-0.005247958377375859,1.6735977475861832,0.5577100078659626,0.8978977623467518,0.42810875228754763,0.06465107209979531,-2.0471131311868773,-0.24855512106272276,1
269,1.6780777373687887,0.19303681854676583,1.7541848213625053,-0.0505409717021476,0.8140875156609952,0.26897242135426497,-0.23692425863242572,-0.25224719083110114,0.37558202021378445,1
270,-0.07906556059885457,2.8766274043786955,0.5614985447397927,-1.3639904960688645,-2.247334291728541,-2.3540191122261453,0.5728151778676055,-1.2325535089623783,-0.5917845676557969,1
271,1.4340745274686952,0.7808350068072578,0.7838209887208295,0.3281364189059574,0.8156639303447274,0.6318228493849514,-0.34868561385148333,0.15863201229563342,-0.42396685135655326,1
272,1.8322260252790838,0.6902599236017104,-1.6532812181138379,-0.8066605481830569,0.4823025372516624,0.7826363537683027,0.9806497334097122,-0.5073210598473382,-1.7416772397204343,1
273,-0.6017563668508273,2.6419714635551856,-1.1886586744988668,2.4809137431725765,-1.3604042053216865,-0.4797942912300924,0.20632927636809506,1.008032792052134,-0.13472655030927483,1
274,-1.1207951673960805,2.625225867030983,0.3069874586124104,-0.6858668600071229,-2.471063723129876,2.055668310964737,1.2512633614878195,-0.11049308605927999,2.1420139206395747,1
275,2.3301285583781257,2.1246915436806435,-1.7003942648448982,-0.8335184709656517,0.36525497294492726,0.695189111496441,0.9699433508772706,-0.021898505178432497,-1.3472305734777534,1
276,3.395248713226847,2.2325436874702285,0.5790180494957301,-2.09505699242607,-1.9258523745909641,-2.053031749130948,0.4159084154841607,-0.39502372908547756,0.1862036689717216,1
277,-0.8011239793920604,3.5667328533390505,-0.7156396301720915,-1.812629859651837,0.13214665375363066,0.177339357565649,1.0215230247824714,0.14592400551767437,-0.8159244893844554,1
278,2.5889905483691282,3.374967248334924,-1.1434390225533848,2.2095555511476697,-1.50197614886339,-0.1152028306587208,1.1489513323041989,0.7056687335400434,-1.2680010804365722,1
279,0.08773132382284764,4.115617520586796,1.5363615957537615,0.1322825708948973,0.29193016925447496,0.20478664989839404,-0.09333505636520278,-0.09477273300972794,0.72166389934918,1
280,0.08773132382284764,4.115617520586796,1.5363615957537615,0.1322825708948973,0.29193016925447496,0.20478664989839404,-0.09333505636520278,-0.09477273300972794,0.72166389934918,1
281,1.7227121064147706,-0.6807953058574889,-0.7569476791099408,-0.4965373184563573,1.030789813319052,0.09449076523264187,0.36971510203575164,-1.983412777633322,-0.04001916432465642,1
282,2.1740424658634474,0.39045226695143953,-0.7527248041835585,-1.2852779076254264,1.06321249693501,0.2790394050755654,0.38975388201966854,-1.5037126329547457,0.05191328943283629,1
283,-2.1105469716103054,-0.04884253639149749,-1.5787950225886738,-0.16789646164770727,0.5054000886833443,0.012968852724583022,0.1167227472338747,0.023302036968359648,-1.0076975814167313,1
284,-0.4990107819908893,1.4273216938722626,1.7153794044936757,0.3773155099165147,0.47116811755840626,0.2803877435337272,0.19628585461242903,-1.6499411213867128,-0.719606976709112,1
285,-0.9926343437149796,1.593859900062657,1.7132007596722643,0.4345448407522052,0.4675009531253226,0.1910943007498239,0.17714850741615323,-1.5466081750505918,-0.7282867580492266,1
